id_maquina,nome_maquina,unidade,linha,id_produto,capacidade_ton_dia,ano_operacao
1,Linha Fibra Curta,Puma,Celulose,1,4200,2016
2,Linha Fibra Longa,Puma,Celulose,2,1500,2016
3,Linha Fluff,Puma,Celulose,3,900,2016
4,Máquina MP27,Puma,Kraftliner,4,1230,2021
5,Máquina MP28,Puma,Cartão,6,1260,2021
6,Máquina de Papel MA-1100,Monte Alegre,Kraftliner,4,1100,2008
7,Máquina de Cartão MA-16,Monte Alegre,Cartão,6,780,1998
8,Máquina de Sacos MA-9,Monte Alegre,Papel para Sacos,7,520,1985
9,Máquina White Top MA-22,Monte Alegre,White Top Kraftliner,5,640,2014
