id_registro,data,id_maquina,id_produto,turno,producao_ton,meta_ton,tempo_operacao_h,paradas_h,consumo_energia_mwh,umidade_pct,refugo_ton
1,2025-04-01,1,1,Turno B,3675.3,3990.0,22.3,1.7,2223.6,7.2,86.05
2,2025-04-01,2,2,Turno C,1431.0,1425.0,22.4,1.6,811.9,7.8,8.22
3,2025-04-01,3,3,Turno A,760.3,855.0,20.6,3.4,422.2,7.1,16.15
4,2025-04-01,4,4,Turno B,1077.5,1168.5,21.9,2.1,998.6,8.9,5.56
5,2025-04-01,5,6,Turno C,1209.2,1197.0,23.0,1.0,1030.3,7.0,34.98
6,2025-04-01,6,4,Turno A,915.1,1045.0,21.1,2.9,712.9,9.0,18.39
7,2025-04-01,7,6,Turno B,750.9,741.0,23.0,1.0,684.0,9.4,10.86
8,2025-04-01,8,7,Turno C,482.2,494.0,21.9,2.1,451.1,9.1,9.37
9,2025-04-01,9,5,Turno A,567.9,608.0,22.6,1.4,464.8,7.4,3.97
10,2025-04-02,1,1,Turno C,3426.4,3990.0,20.6,3.4,2075.0,8.4,48.38
11,2025-04-02,2,2,Turno A,1269.9,1425.0,21.2,2.8,766.3,9.3,26.92
12,2025-04-02,3,3,Turno B,794.1,855.0,22.2,1.8,552.6,7.0,11.5
13,2025-04-02,4,4,Turno C,1212.6,1168.5,23.7,0.3,1112.1,8.6,31.61
14,2025-04-02,5,6,Turno A,1152.2,1197.0,22.8,1.2,875.2,7.4,13.47
15,2025-04-02,6,4,Turno B,964.9,1045.0,20.5,3.5,977.4,7.4,20.64
16,2025-04-02,7,6,Turno C,707.5,741.0,21.3,2.7,628.0,7.3,7.9
17,2025-04-02,8,7,Turno A,458.7,494.0,22.0,2.0,424.5,9.2,6.87
18,2025-04-02,9,5,Turno B,565.0,608.0,20.6,3.4,510.1,6.8,3.49
19,2025-04-03,1,1,Turno A,3509.9,3990.0,20.1,3.9,2486.5,7.8,23.12
20,2025-04-03,2,2,Turno B,1366.7,1425.0,21.2,2.8,896.3,9.4,36.24
21,2025-04-03,3,3,Turno C,743.4,855.0,19.7,4.3,510.2,8.1,8.68
22,2025-04-03,4,4,Turno A,1085.5,1168.5,22.3,1.7,955.7,7.9,31.31
23,2025-04-03,5,6,Turno B,1176.5,1197.0,23.3,0.7,1059.1,7.0,32.73
24,2025-04-03,6,4,Turno C,1029.5,1045.0,23.2,0.8,969.5,8.3,9.08
25,2025-04-03,7,6,Turno A,732.2,741.0,22.8,1.2,720.2,8.1,3.67
26,2025-04-03,8,7,Turno B,428.5,494.0,21.0,3.0,440.8,9.1,11.05
27,2025-04-03,9,5,Turno C,527.7,608.0,20.9,3.1,534.8,9.3,3.77
28,2025-04-04,1,1,Turno B,3587.2,3990.0,21.7,2.3,2518.6,8.8,29.45
29,2025-04-04,2,2,Turno C,1337.0,1425.0,21.6,2.4,806.2,9.1,20.83
30,2025-04-04,3,3,Turno A,761.6,855.0,20.5,3.5,530.1,7.1,9.74
31,2025-04-04,4,4,Turno B,1214.8,1168.5,23.7,0.3,1070.8,8.1,9.75
32,2025-04-04,5,6,Turno C,1049.4,1197.0,20.6,3.4,972.3,7.2,11.02
33,2025-04-04,6,4,Turno A,912.3,1045.0,20.0,4.0,746.9,9.2,24.17
34,2025-04-04,7,6,Turno B,624.0,741.0,20.0,4.0,593.2,7.1,5.18
35,2025-04-04,8,7,Turno C,504.7,494.0,23.5,0.5,450.1,8.9,12.71
36,2025-04-04,9,5,Turno A,517.5,608.0,20.5,3.5,455.0,7.8,8.63
37,2025-04-05,1,1,Turno C,3823.1,3990.0,21.2,2.8,2178.0,7.7,51.55
38,2025-04-05,2,2,Turno A,1224.3,1425.0,20.5,3.5,783.2,7.8,14.65
39,2025-04-05,3,3,Turno B,737.8,855.0,20.1,3.9,532.9,8.2,4.62
40,2025-04-05,4,4,Turno C,1199.0,1168.5,22.8,1.2,1232.5,9.0,10.98
41,2025-04-05,5,6,Turno A,974.4,1197.0,19.0,5.0,747.9,7.6,28.87
42,2025-04-05,6,4,Turno B,888.6,1045.0,19.8,4.2,779.2,9.4,26.56
43,2025-04-05,7,6,Turno C,641.9,741.0,20.7,3.3,538.6,9.4,12.5
44,2025-04-05,8,7,Turno A,424.7,494.0,20.7,3.3,393.0,8.0,11.18
45,2025-04-05,9,5,Turno B,500.4,608.0,19.8,4.2,403.2,8.3,10.95
46,2025-04-06,1,1,Turno A,3189.4,3990.0,17.9,6.1,1911.2,8.3,65.33
47,2025-04-06,2,2,Turno B,1221.8,1425.0,19.8,4.2,900.4,7.1,27.99
48,2025-04-06,3,3,Turno C,698.5,855.0,18.6,5.4,426.1,7.4,16.62
49,2025-04-06,4,4,Turno A,959.0,1168.5,18.2,5.8,1005.8,6.7,9.91
50,2025-04-06,5,6,Turno B,1079.2,1197.0,20.2,3.8,1094.1,7.6,9.65
51,2025-04-06,6,4,Turno C,991.1,1045.0,21.7,2.3,1036.9,8.5,5.15
52,2025-04-06,7,6,Turno A,664.7,741.0,20.5,3.5,685.8,6.9,5.24
53,2025-04-06,8,7,Turno B,387.6,494.0,18.5,5.5,361.0,8.7,3.91
54,2025-04-06,9,5,Turno C,516.7,608.0,19.7,4.3,527.9,9.0,3.78
55,2025-04-07,1,1,Turno B,3614.9,3990.0,21.4,2.6,1990.8,8.8,75.65
56,2025-04-07,2,2,Turno C,1305.5,1425.0,20.7,3.3,862.1,7.8,6.84
57,2025-04-07,3,3,Turno A,764.1,855.0,20.0,4.0,558.4,8.1,19.76
58,2025-04-07,4,4,Turno B,1077.6,1168.5,22.1,1.9,849.4,7.4,29.61
59,2025-04-07,5,6,Turno C,1224.8,1197.0,22.9,1.1,1248.9,7.1,13.76
60,2025-04-07,6,4,Turno A,930.6,1045.0,20.1,3.9,944.8,7.7,19.09
61,2025-04-07,7,6,Turno B,675.7,741.0,20.3,3.7,682.0,9.4,17.07
62,2025-04-07,8,7,Turno C,475.2,494.0,23.3,0.7,461.4,7.5,13.43
63,2025-04-07,9,5,Turno A,623.0,608.0,23.0,1.0,618.8,7.3,15.38
64,2025-04-08,1,1,Turno C,3586.3,3990.0,20.1,3.9,2588.3,7.2,91.14
65,2025-04-08,2,2,Turno A,1303.5,1425.0,21.6,2.4,924.3,7.2,7.29
66,2025-04-08,3,3,Turno B,744.2,855.0,20.5,3.5,538.0,9.4,8.91
67,2025-04-08,4,4,Turno C,1115.3,1168.5,22.3,1.7,1164.8,8.1,31.76
68,2025-04-08,5,6,Turno A,1086.8,1197.0,20.2,3.8,873.3,9.4,12.65
69,2025-04-08,6,4,Turno B,903.0,1045.0,20.1,3.9,874.6,7.4,18.2
70,2025-04-08,7,6,Turno C,689.5,741.0,21.8,2.2,636.4,7.3,15.67
71,2025-04-08,8,7,Turno A,436.5,494.0,19.7,4.3,397.9,8.7,10.28
72,2025-04-08,9,5,Turno B,581.5,608.0,22.4,1.6,448.3,8.5,7.71
73,2025-04-09,1,1,Turno A,3728.0,3990.0,21.0,3.0,2587.0,7.4,47.47
74,2025-04-09,2,2,Turno B,1302.4,1425.0,21.3,2.7,793.3,6.9,20.2
75,2025-04-09,3,3,Turno C,882.7,855.0,23.5,0.5,644.9,8.3,11.05
76,2025-04-09,4,4,Turno A,1055.8,1168.5,21.9,2.1,882.7,7.8,20.59
77,2025-04-09,5,6,Turno B,1152.1,1197.0,22.4,1.6,1016.9,7.1,19.39
78,2025-04-09,6,4,Turno C,1083.0,1045.0,23.4,0.6,867.4,6.8,19.37
79,2025-04-09,7,6,Turno A,701.9,741.0,22.3,1.7,698.8,8.8,15.32
80,2025-04-09,8,7,Turno B,427.5,494.0,20.6,3.4,323.8,7.2,7.22
81,2025-04-09,9,5,Turno C,584.3,608.0,23.1,0.9,510.9,8.4,5.76
82,2025-04-10,1,1,Turno B,3880.1,3990.0,22.5,1.5,2323.4,8.5,19.94
83,2025-04-10,2,2,Turno C,1434.7,1425.0,22.7,1.3,819.7,7.8,13.48
84,2025-04-10,3,3,Turno A,872.7,855.0,23.6,0.4,488.8,7.2,22.87
85,2025-04-10,4,4,Turno B,1117.4,1168.5,21.5,2.5,1061.8,9.5,22.22
86,2025-04-10,5,6,Turno C,1261.7,1197.0,23.6,0.4,1178.2,8.7,22.23
87,2025-04-10,6,4,Turno A,1046.0,1045.0,23.1,0.9,1066.0,8.7,17.64
88,2025-04-10,7,6,Turno B,648.5,741.0,20.7,3.3,610.4,8.8,11.69
89,2025-04-10,8,7,Turno C,464.8,494.0,22.2,1.8,359.4,7.4,5.48
90,2025-04-10,9,5,Turno A,553.2,608.0,21.0,3.0,437.9,7.2,12.36
91,2025-04-11,1,1,Turno C,3734.3,3990.0,22.6,1.4,2358.3,8.1,57.49
92,2025-04-11,2,2,Turno A,1254.3,1425.0,20.5,3.5,916.9,8.3,28.08
93,2025-04-11,3,3,Turno B,876.8,855.0,23.2,0.8,548.9,6.5,12.09
94,2025-04-11,4,4,Turno C,1185.8,1168.5,22.8,1.2,1228.5,7.8,28.09
95,2025-04-11,5,6,Turno A,1143.6,1197.0,21.9,2.1,933.4,7.2,18.18
96,2025-04-11,6,4,Turno B,880.4,1045.0,19.8,4.2,839.7,7.7,8.03
97,2025-04-11,7,6,Turno C,667.5,741.0,21.6,2.4,625.2,6.6,9.91
98,2025-04-11,8,7,Turno A,448.9,494.0,22.0,2.0,423.2,6.9,7.43
99,2025-04-11,9,5,Turno B,516.5,608.0,19.9,4.1,420.2,7.5,12.41
100,2025-04-12,1,1,Turno A,3573.0,3990.0,20.1,3.9,2145.4,6.7,19.6
101,2025-04-12,2,2,Turno B,1302.0,1425.0,21.4,2.6,885.4,8.8,27.72
102,2025-04-12,3,3,Turno C,795.8,855.0,22.2,1.8,440.9,7.0,6.49
103,2025-04-12,4,4,Turno A,1017.7,1168.5,20.7,3.3,976.8,8.8,9.36
104,2025-04-12,5,6,Turno B,1047.1,1197.0,21.0,3.0,1042.7,9.4,8.07
105,2025-04-12,6,4,Turno C,808.3,1045.0,17.6,6.4,838.6,7.7,18.49
106,2025-04-12,7,6,Turno A,608.4,741.0,18.8,5.2,474.9,8.8,15.97
107,2025-04-12,8,7,Turno B,426.9,494.0,19.2,4.8,420.4,7.5,6.71
108,2025-04-12,9,5,Turno C,502.4,608.0,19.4,4.6,504.8,9.0,3.84
109,2025-04-13,1,1,Turno B,3907.9,3990.0,22.0,2.0,2702.2,7.8,91.23
110,2025-04-13,2,2,Turno C,1323.2,1425.0,20.9,3.1,870.2,8.0,21.02
111,2025-04-13,3,3,Turno A,764.5,855.0,20.1,3.9,547.5,6.8,20.67
112,2025-04-13,4,4,Turno B,959.8,1168.5,18.8,5.2,829.0,6.6,25.22
113,2025-04-13,5,6,Turno C,952.0,1197.0,17.9,6.1,811.2,9.1,21.45
114,2025-04-13,6,4,Turno A,832.4,1045.0,17.7,6.3,645.7,8.7,14.33
115,2025-04-13,7,6,Turno B,694.3,741.0,21.4,2.6,623.0,8.9,5.09
116,2025-04-13,8,7,Turno C,405.6,494.0,19.3,4.7,375.0,7.9,7.41
117,2025-04-13,9,5,Turno A,524.5,608.0,20.3,3.7,504.0,7.3,5.92
118,2025-04-14,1,1,Turno C,3379.5,3990.0,20.2,3.8,1939.5,8.1,81.29
119,2025-04-14,2,2,Turno A,1225.5,1425.0,20.4,3.6,792.7,8.7,36.05
120,2025-04-14,3,3,Turno B,790.0,855.0,21.8,2.2,450.4,7.1,8.44
121,2025-04-14,4,4,Turno C,984.7,1168.5,20.4,3.6,896.3,7.3,28.91
122,2025-04-14,5,6,Turno A,1154.9,1197.0,21.9,2.1,909.9,9.1,19.95
123,2025-04-14,6,4,Turno B,1056.3,1045.0,23.2,0.8,941.0,7.8,10.15
124,2025-04-14,7,6,Turno C,662.4,741.0,19.9,4.1,591.7,9.0,9.95
125,2025-04-14,8,7,Turno A,431.5,494.0,20.0,4.0,330.6,6.9,8.23
126,2025-04-14,9,5,Turno B,574.3,608.0,20.9,3.1,451.1,8.8,11.58
127,2025-04-15,1,1,Turno A,3849.5,3990.0,22.9,1.1,2519.6,7.9,61.85
128,2025-04-15,2,2,Turno B,1491.5,1425.0,23.2,0.8,911.4,8.4,30.19
129,2025-04-15,3,3,Turno C,872.8,855.0,22.7,1.3,516.3,7.1,18.77
130,2025-04-15,4,4,Turno A,995.2,1168.5,20.3,3.7,768.8,6.5,16.18
131,2025-04-15,5,6,Turno B,1121.2,1197.0,22.1,1.9,918.8,8.6,25.31
132,2025-04-15,6,4,Turno C,988.7,1045.0,21.5,2.5,1015.6,8.9,20.39
133,2025-04-15,7,6,Turno A,744.7,741.0,22.4,1.6,653.5,8.1,15.78
134,2025-04-15,8,7,Turno B,514.0,494.0,23.4,0.6,396.5,7.0,6.52
135,2025-04-15,9,5,Turno C,601.0,608.0,22.7,1.3,502.8,6.9,13.35
136,2025-04-16,1,1,Turno B,4041.6,3990.0,22.5,1.5,2627.4,8.0,28.34
137,2025-04-16,2,2,Turno C,1214.0,1425.0,19.8,4.2,746.0,7.3,8.84
138,2025-04-16,3,3,Turno A,898.7,855.0,23.6,0.4,597.7,9.4,26.95
139,2025-04-16,4,4,Turno B,1108.1,1168.5,22.4,1.6,844.4,8.8,18.57
140,2025-04-16,5,6,Turno C,1199.1,1197.0,22.3,1.7,964.6,8.3,25.02
141,2025-04-16,6,4,Turno A,942.5,1045.0,21.7,2.3,805.3,7.5,20.5
142,2025-04-16,7,6,Turno B,730.5,741.0,23.2,0.8,699.9,7.4,20.91
143,2025-04-16,8,7,Turno C,493.1,494.0,23.0,1.0,437.1,7.4,6.45
144,2025-04-16,9,5,Turno A,615.5,608.0,23.6,0.4,556.6,9.5,13.2
145,2025-04-17,1,1,Turno C,3744.0,3990.0,21.9,2.1,2199.7,7.6,89.52
146,2025-04-17,2,2,Turno A,1401.1,1425.0,22.2,1.8,827.6,8.1,39.5
147,2025-04-17,3,3,Turno B,807.3,855.0,21.5,2.5,463.6,9.4,16.33
148,2025-04-17,4,4,Turno C,1010.2,1168.5,20.7,3.3,924.6,8.2,7.4
149,2025-04-17,5,6,Turno A,1273.4,1197.0,23.7,0.3,1131.3,6.9,32.86
150,2025-04-17,6,4,Turno B,999.7,1045.0,21.7,2.3,902.4,7.3,25.86
151,2025-04-17,7,6,Turno C,740.3,741.0,23.7,0.3,677.7,7.7,20.76
152,2025-04-17,8,7,Turno A,480.3,494.0,21.8,2.2,484.7,7.3,11.89
153,2025-04-17,9,5,Turno B,583.7,608.0,21.4,2.6,526.7,9.0,7.05
154,2025-04-18,1,1,Turno A,3630.9,3990.0,20.9,3.1,2722.4,8.0,31.64
155,2025-04-18,2,2,Turno B,1327.8,1425.0,21.9,2.1,876.9,8.1,21.75
156,2025-04-18,3,3,Turno C,753.4,855.0,21.0,3.0,519.5,8.2,8.17
157,2025-04-18,4,4,Turno A,1105.1,1168.5,22.8,1.2,1075.7,8.6,27.94
158,2025-04-18,5,6,Turno B,1115.6,1197.0,21.3,2.7,1111.4,9.4,19.39
159,2025-04-18,6,4,Turno C,895.5,1045.0,19.8,4.2,830.2,9.1,24.05
160,2025-04-18,7,6,Turno A,689.1,741.0,21.5,2.5,611.3,8.7,10.51
161,2025-04-18,8,7,Turno B,462.0,494.0,22.4,1.6,411.6,9.4,6.22
162,2025-04-18,9,5,Turno C,599.3,608.0,22.5,1.5,602.6,9.1,15.87
163,2025-04-19,1,1,Turno B,3326.5,3990.0,18.9,5.1,2334.8,9.1,19.62
164,2025-04-19,2,2,Turno C,1189.3,1425.0,18.6,5.4,891.4,8.7,18.85
165,2025-04-19,3,3,Turno A,715.2,855.0,18.7,5.3,456.8,8.6,19.73
166,2025-04-19,4,4,Turno B,938.3,1168.5,18.9,5.1,809.2,6.9,17.15
167,2025-04-19,5,6,Turno C,1051.0,1197.0,21.0,3.0,813.1,9.1,21.54
168,2025-04-19,6,4,Turno A,874.1,1045.0,20.0,4.0,776.5,7.3,9.95
169,2025-04-19,7,6,Turno B,624.7,741.0,18.8,5.2,595.5,7.0,10.02
170,2025-04-19,8,7,Turno C,422.3,494.0,19.5,4.5,370.5,7.3,11.04
171,2025-04-19,9,5,Turno A,483.7,608.0,18.4,5.6,397.2,8.2,9.37
172,2025-04-20,1,1,Turno C,3792.6,3990.0,21.1,2.9,2585.2,7.3,72.62
173,2025-04-20,2,2,Turno A,1256.2,1425.0,21.3,2.7,843.3,8.0,34.68
174,2025-04-20,3,3,Turno B,741.7,855.0,19.9,4.1,460.2,8.4,15.22
175,2025-04-20,4,4,Turno C,1084.8,1168.5,21.2,2.8,1086.4,8.4,29.92
176,2025-04-20,5,6,Turno A,1021.8,1197.0,19.9,4.1,944.0,8.7,7.41
177,2025-04-20,6,4,Turno B,866.6,1045.0,19.8,4.2,684.3,8.1,25.38
178,2025-04-20,7,6,Turno C,697.9,741.0,21.2,2.8,577.2,9.0,11.9
179,2025-04-20,8,7,Turno A,457.4,494.0,21.8,2.2,358.9,9.4,3.9
180,2025-04-20,9,5,Turno B,609.0,608.0,22.7,1.3,635.8,9.4,15.29
181,2025-04-21,1,1,Turno A,3746.5,3990.0,21.2,2.8,2071.0,8.1,61.33
182,2025-04-21,2,2,Turno B,1402.3,1425.0,22.4,1.6,935.2,9.0,39.98
183,2025-04-21,3,3,Turno C,725.2,855.0,20.1,3.9,402.5,9.2,13.8
184,2025-04-21,4,4,Turno A,1151.9,1168.5,23.4,0.6,885.8,9.0,31.95
185,2025-04-21,5,6,Turno B,1072.4,1197.0,20.9,3.1,849.3,9.3,13.52
186,2025-04-21,6,4,Turno C,943.2,1045.0,21.7,2.3,958.5,6.9,15.41
187,2025-04-21,7,6,Turno A,733.5,741.0,22.4,1.6,758.3,7.8,17.28
188,2025-04-21,8,7,Turno B,430.1,494.0,20.3,3.7,335.4,8.0,6.54
189,2025-04-21,9,5,Turno C,592.5,608.0,23.6,0.4,510.2,7.8,17.04
190,2025-04-22,1,1,Turno B,3847.8,3990.0,23.2,0.8,2644.0,8.1,113.3
191,2025-04-22,2,2,Turno C,1289.5,1425.0,21.1,2.9,758.2,6.9,33.79
192,2025-04-22,3,3,Turno A,807.3,855.0,21.5,2.5,547.6,8.3,4.47
193,2025-04-22,4,4,Turno B,1128.4,1168.5,22.9,1.1,888.9,8.2,7.58
194,2025-04-22,5,6,Turno C,1147.6,1197.0,22.8,1.2,935.0,9.1,15.16
195,2025-04-22,6,4,Turno A,949.2,1045.0,20.3,3.7,712.7,9.1,8.18
196,2025-04-22,7,6,Turno B,632.2,741.0,20.2,3.8,507.2,8.5,3.57
197,2025-04-22,8,7,Turno C,432.5,494.0,19.7,4.3,355.2,7.5,4.05
198,2025-04-22,9,5,Turno A,534.1,608.0,19.9,4.1,484.9,8.7,9.03
199,2025-04-23,1,1,Turno C,3944.3,3990.0,22.9,1.1,2255.4,8.0,112.95
200,2025-04-23,2,2,Turno A,1254.1,1425.0,19.9,4.1,907.2,8.1,20.63
201,2025-04-23,3,3,Turno B,837.2,855.0,23.6,0.4,540.7,7.7,18.55
202,2025-04-23,4,4,Turno C,1135.4,1168.5,21.7,2.3,876.6,6.7,22.94
203,2025-04-23,5,6,Turno A,1010.4,1197.0,19.9,4.1,949.7,8.1,13.27
204,2025-04-23,6,4,Turno B,1074.7,1045.0,23.7,0.3,952.3,8.3,8.04
205,2025-04-23,7,6,Turno C,744.9,741.0,22.5,1.5,704.1,8.8,17.15
206,2025-04-23,8,7,Turno A,436.8,494.0,20.6,3.4,357.5,7.5,7.14
207,2025-04-23,9,5,Turno B,540.7,608.0,21.4,2.6,474.8,8.5,7.76
208,2025-04-24,1,1,Turno A,3634.9,3990.0,20.3,3.7,2048.0,9.0,26.65
209,2025-04-24,2,2,Turno B,1262.8,1425.0,20.1,3.9,899.6,8.2,24.83
210,2025-04-24,3,3,Turno C,798.9,855.0,22.0,2.0,458.9,7.6,17.28
211,2025-04-24,4,4,Turno A,1186.6,1168.5,22.7,1.3,1146.6,9.4,23.74
212,2025-04-24,5,6,Turno B,1099.7,1197.0,21.1,2.9,895.0,8.5,11.66
213,2025-04-24,6,4,Turno C,937.1,1045.0,20.1,3.9,806.2,8.8,18.14
214,2025-04-24,7,6,Turno A,758.6,741.0,23.0,1.0,790.7,9.0,15.43
215,2025-04-24,8,7,Turno B,455.4,494.0,22.3,1.7,468.5,9.0,5.32
216,2025-04-24,9,5,Turno C,546.2,608.0,20.4,3.6,460.3,7.5,2.81
217,2025-04-25,1,1,Turno B,4028.4,3990.0,23.2,0.8,2538.5,6.9,83.91
218,2025-04-25,2,2,Turno C,1246.7,1425.0,19.8,4.2,739.3,7.8,16.86
219,2025-04-25,3,3,Turno A,798.5,855.0,21.2,2.8,563.2,8.2,5.69
220,2025-04-25,4,4,Turno B,972.9,1168.5,19.9,4.1,910.0,8.5,11.48
221,2025-04-25,5,6,Turno C,1155.8,1197.0,22.4,1.6,1020.1,7.3,27.59
222,2025-04-25,6,4,Turno A,903.6,1045.0,20.1,3.9,754.5,8.5,15.51
223,2025-04-25,7,6,Turno B,687.4,741.0,22.4,1.6,597.1,8.3,3.57
224,2025-04-25,8,7,Turno C,434.5,494.0,20.9,3.1,343.8,7.3,5.74
225,2025-04-25,9,5,Turno A,529.4,608.0,19.7,4.3,425.0,7.6,11.96
226,2025-04-26,1,1,Turno C,3688.6,3990.0,20.8,3.2,2081.9,9.1,22.34
227,2025-04-26,2,2,Turno A,1218.5,1425.0,19.2,4.8,810.5,8.2,27.71
228,2025-04-26,3,3,Turno B,653.3,855.0,18.5,5.5,401.7,8.9,13.36
229,2025-04-26,4,4,Turno C,1086.9,1168.5,22.4,1.6,1090.5,7.2,21.44
230,2025-04-26,5,6,Turno A,999.4,1197.0,19.7,4.3,851.3,7.5,9.2
231,2025-04-26,6,4,Turno B,850.5,1045.0,18.8,5.2,869.0,7.5,19.72
232,2025-04-26,7,6,Turno C,687.5,741.0,22.0,2.0,545.8,7.1,13.79
233,2025-04-26,8,7,Turno A,441.3,494.0,21.3,2.7,433.3,8.0,10.53
234,2025-04-26,9,5,Turno B,564.6,608.0,20.7,3.3,519.1,8.4,11.64
235,2025-04-27,1,1,Turno A,3607.5,3990.0,21.6,2.4,2033.4,7.8,45.35
236,2025-04-27,2,2,Turno B,1098.5,1425.0,17.8,6.2,672.4,7.9,7.05
237,2025-04-27,3,3,Turno C,757.3,855.0,19.8,4.2,546.1,8.3,13.39
238,2025-04-27,4,4,Turno A,1030.7,1168.5,19.9,4.1,1050.0,7.8,26.02
239,2025-04-27,5,6,Turno B,1027.9,1197.0,19.9,4.1,817.4,6.7,7.8
240,2025-04-27,6,4,Turno C,961.5,1045.0,20.9,3.1,866.7,7.0,10.76
241,2025-04-27,7,6,Turno A,624.7,741.0,19.5,4.5,498.3,7.6,7.54
242,2025-04-27,8,7,Turno B,410.9,494.0,19.1,4.9,405.5,8.4,2.73
243,2025-04-27,9,5,Turno C,484.7,608.0,18.8,5.2,468.8,8.5,13.41
244,2025-04-28,1,1,Turno B,3945.5,3990.0,23.2,0.8,2629.9,6.9,54.23
245,2025-04-28,2,2,Turno C,1481.0,1425.0,23.6,0.4,930.6,8.3,42.13
246,2025-04-28,3,3,Turno A,764.9,855.0,20.9,3.1,541.8,8.9,16.64
247,2025-04-28,4,4,Turno B,1189.6,1168.5,23.1,0.9,1136.8,8.1,25.16
248,2025-04-28,5,6,Turno C,1093.1,1197.0,21.4,2.6,938.7,7.0,11.32
249,2025-04-28,6,4,Turno A,1061.7,1045.0,23.5,0.5,868.4,6.9,7.36
250,2025-04-28,7,6,Turno B,713.3,741.0,23.1,0.9,699.9,9.0,19.32
251,2025-04-28,8,7,Turno C,417.0,494.0,19.8,4.2,408.6,6.9,6.01
252,2025-04-28,9,5,Turno A,550.5,608.0,20.3,3.7,540.2,8.9,5.03
253,2025-04-29,1,1,Turno C,3670.0,3990.0,21.5,2.5,2515.0,7.2,59.11
254,2025-04-29,2,2,Turno A,1312.3,1425.0,20.8,3.2,839.6,8.1,16.71
255,2025-04-29,3,3,Turno B,846.4,855.0,23.0,1.0,606.9,7.6,24.27
256,2025-04-29,4,4,Turno C,1192.0,1168.5,23.7,0.3,994.8,7.6,21.68
257,2025-04-29,5,6,Turno A,1256.9,1197.0,23.6,0.4,1244.8,6.9,14.14
258,2025-04-29,6,4,Turno B,1041.0,1045.0,22.3,1.7,953.9,6.8,27.22
259,2025-04-29,7,6,Turno C,726.6,741.0,23.2,0.8,711.3,7.3,20.08
260,2025-04-29,8,7,Turno A,430.4,494.0,20.3,3.7,445.0,7.2,7.01
261,2025-04-29,9,5,Turno B,530.4,608.0,21.1,2.9,406.3,8.0,5.78
262,2025-04-30,1,1,Turno A,4045.0,3990.0,23.7,0.3,2247.6,9.3,105.09
263,2025-04-30,2,2,Turno B,1411.4,1425.0,22.3,1.7,815.1,7.4,36.34
264,2025-04-30,3,3,Turno C,804.4,855.0,22.5,1.5,555.9,7.8,4.13
265,2025-04-30,4,4,Turno A,987.3,1168.5,20.0,4.0,987.8,8.1,22.89
266,2025-04-30,5,6,Turno B,1088.9,1197.0,21.8,2.2,910.8,7.4,6.74
267,2025-04-30,6,4,Turno C,991.7,1045.0,21.4,2.6,879.8,6.8,27.4
268,2025-04-30,7,6,Turno A,676.7,741.0,22.1,1.9,612.2,7.2,5.81
269,2025-04-30,8,7,Turno B,462.2,494.0,21.4,2.6,380.0,7.7,9.99
270,2025-04-30,9,5,Turno C,548.9,608.0,20.0,4.0,422.8,8.1,9.71
271,2025-05-01,1,1,Turno B,4107.6,3990.0,23.7,0.3,2579.9,7.9,85.82
272,2025-05-01,2,2,Turno C,1425.1,1425.0,23.7,0.3,788.4,8.9,19.41
273,2025-05-01,3,3,Turno A,847.2,855.0,22.7,1.3,596.7,8.7,11.28
274,2025-05-01,4,4,Turno B,1006.8,1168.5,19.9,4.1,1000.8,7.0,24.65
275,2025-05-01,5,6,Turno C,1135.7,1197.0,21.6,2.4,1067.0,8.9,7.47
276,2025-05-01,6,4,Turno A,1027.5,1045.0,22.8,1.2,861.1,6.6,10.26
277,2025-05-01,7,6,Turno B,660.6,741.0,19.9,4.1,597.6,9.5,12.27
278,2025-05-01,8,7,Turno C,452.3,494.0,20.7,3.3,365.2,7.6,11.09
279,2025-05-01,9,5,Turno A,600.4,608.0,23.2,0.8,472.7,7.6,16.35
280,2025-05-02,1,1,Turno C,4056.3,3990.0,22.7,1.3,2544.6,9.4,70.6
281,2025-05-02,2,2,Turno A,1388.3,1425.0,21.7,2.3,907.7,8.9,32.18
282,2025-05-02,3,3,Turno B,745.7,855.0,20.0,4.0,532.8,8.1,9.72
283,2025-05-02,4,4,Turno C,1024.8,1168.5,20.0,4.0,862.8,8.3,16.04
284,2025-05-02,5,6,Turno A,1147.5,1197.0,22.5,1.5,875.2,9.1,15.85
285,2025-05-02,6,4,Turno B,1050.2,1045.0,23.8,0.2,1096.4,9.3,7.22
286,2025-05-02,7,6,Turno C,704.4,741.0,22.3,1.7,697.6,8.5,20.3
287,2025-05-02,8,7,Turno A,436.7,494.0,20.3,3.7,429.9,6.6,2.92
288,2025-05-02,9,5,Turno B,593.0,608.0,22.9,1.1,512.9,8.2,11.94
289,2025-05-03,1,1,Turno A,3722.7,3990.0,21.9,2.1,2615.6,8.2,67.89
290,2025-05-03,2,2,Turno B,1197.5,1425.0,19.9,4.1,685.8,8.7,20.93
291,2025-05-03,3,3,Turno C,709.0,855.0,19.6,4.4,426.9,7.8,21.21
292,2025-05-03,4,4,Turno A,1019.0,1168.5,20.2,3.8,801.7,9.1,16.61
293,2025-05-03,5,6,Turno B,1054.8,1197.0,21.2,2.8,1006.9,9.0,13.7
294,2025-05-03,6,4,Turno C,820.8,1045.0,18.1,5.9,835.1,9.1,18.71
295,2025-05-03,7,6,Turno A,719.5,741.0,21.9,2.1,649.4,6.9,7.21
296,2025-05-03,8,7,Turno B,393.9,494.0,19.3,4.7,360.9,7.6,9.88
297,2025-05-03,9,5,Turno C,515.2,608.0,20.4,3.6,434.2,9.5,11.84
298,2025-05-04,1,1,Turno B,3679.5,3990.0,20.7,3.3,2078.0,9.4,77.48
299,2025-05-04,2,2,Turno C,1225.3,1425.0,20.2,3.8,889.1,8.8,25.72
300,2025-05-04,3,3,Turno A,731.4,855.0,19.9,4.1,535.5,6.7,5.93
301,2025-05-04,4,4,Turno B,878.7,1168.5,17.7,6.3,846.0,7.5,25.06
302,2025-05-04,5,6,Turno C,1131.8,1197.0,22.4,1.6,1064.5,8.2,9.2
303,2025-05-04,6,4,Turno A,868.3,1045.0,19.2,4.8,695.2,9.3,7.69
304,2025-05-04,7,6,Turno B,682.2,741.0,21.1,2.9,684.1,8.2,17.49
305,2025-05-04,8,7,Turno C,366.3,494.0,16.9,7.1,338.1,8.5,8.85
306,2025-05-04,9,5,Turno A,523.9,608.0,19.9,4.1,491.5,7.4,15.15
307,2025-05-05,1,1,Turno C,3835.9,3990.0,21.7,2.3,2635.3,7.4,26.18
308,2025-05-05,2,2,Turno A,1219.8,1425.0,19.9,4.1,789.0,7.1,24.6
309,2025-05-05,3,3,Turno B,789.5,855.0,21.0,3.0,550.2,9.1,23.2
310,2025-05-05,4,4,Turno C,1008.3,1168.5,20.2,3.8,926.1,7.5,16.8
311,2025-05-05,5,6,Turno A,1049.4,1197.0,20.8,3.2,817.5,7.4,15.33
312,2025-05-05,6,4,Turno B,978.8,1045.0,22.2,1.8,988.2,7.0,12.91
313,2025-05-05,7,6,Turno C,693.4,741.0,22.0,2.0,678.8,8.0,12.39
314,2025-05-05,8,7,Turno A,455.3,494.0,21.7,2.3,344.6,9.3,8.03
315,2025-05-05,9,5,Turno B,604.4,608.0,23.6,0.4,517.3,6.7,10.5
316,2025-05-06,1,1,Turno A,4069.4,3990.0,23.3,0.7,2621.2,8.1,106.53
317,2025-05-06,2,2,Turno B,1365.9,1425.0,21.4,2.6,950.0,8.8,19.33
318,2025-05-06,3,3,Turno C,792.4,855.0,21.3,2.7,466.7,8.2,5.42
319,2025-05-06,4,4,Turno A,1123.8,1168.5,21.7,2.3,937.2,9.5,24.73
320,2025-05-06,5,6,Turno B,1088.0,1197.0,20.2,3.8,944.6,8.9,14.66
321,2025-05-06,6,4,Turno C,1086.1,1045.0,23.5,0.5,879.4,8.0,19.01
322,2025-05-06,7,6,Turno A,614.8,741.0,19.9,4.1,522.5,7.9,10.1
323,2025-05-06,8,7,Turno B,473.5,494.0,22.2,1.8,401.7,8.3,4.29
324,2025-05-06,9,5,Turno C,636.7,608.0,23.7,0.3,534.7,7.5,16.37
325,2025-05-07,1,1,Turno B,3838.6,3990.0,21.9,2.1,2341.4,8.9,54.54
326,2025-05-07,2,2,Turno C,1441.3,1425.0,22.4,1.6,961.0,8.9,33.34
327,2025-05-07,3,3,Turno A,794.7,855.0,22.5,1.5,512.5,9.4,19.53
328,2025-05-07,4,4,Turno B,1161.5,1168.5,22.8,1.2,1122.5,8.3,10.76
329,2025-05-07,5,6,Turno C,1163.0,1197.0,22.2,1.8,1165.7,6.9,25.61
330,2025-05-07,6,4,Turno A,930.9,1045.0,19.8,4.2,728.9,6.6,11.95
331,2025-05-07,7,6,Turno B,661.1,741.0,20.3,3.7,577.2,8.8,18.52
332,2025-05-07,8,7,Turno C,506.7,494.0,23.2,0.8,389.5,6.9,5.16
333,2025-05-07,9,5,Turno A,559.9,608.0,21.0,3.0,508.2,7.4,5.22
334,2025-05-08,1,1,Turno C,3975.7,3990.0,23.4,0.6,2468.3,8.8,91.53
335,2025-05-08,2,2,Turno A,1397.4,1425.0,22.3,1.7,939.1,7.1,15.6
336,2025-05-08,3,3,Turno B,790.6,855.0,22.0,2.0,588.7,7.4,9.67
337,2025-05-08,4,4,Turno C,1055.6,1168.5,20.5,3.5,892.1,7.5,29.92
338,2025-05-08,5,6,Turno A,1161.0,1197.0,22.9,1.1,913.2,8.5,16.83
339,2025-05-08,6,4,Turno B,1100.1,1045.0,23.7,0.3,1140.1,8.9,13.49
340,2025-05-08,7,6,Turno C,680.6,741.0,20.9,3.1,581.2,7.8,7.77
341,2025-05-08,8,7,Turno A,449.2,494.0,21.6,2.4,409.5,9.3,10.06
342,2025-05-08,9,5,Turno B,537.3,608.0,20.2,3.8,497.6,7.2,11.68
343,2025-05-09,1,1,Turno A,3813.3,3990.0,21.8,2.2,2137.3,7.7,87.45
344,2025-05-09,2,2,Turno B,1267.4,1425.0,20.1,3.9,698.4,8.2,35.78
345,2025-05-09,3,3,Turno C,819.6,855.0,21.3,2.7,594.8,7.9,8.18
346,2025-05-09,4,4,Turno A,1172.5,1168.5,23.6,0.4,1106.6,9.2,8.48
347,2025-05-09,5,6,Turno B,1142.5,1197.0,22.0,2.0,1104.7,9.3,31.8
348,2025-05-09,6,4,Turno C,952.9,1045.0,20.4,3.6,764.9,9.3,28.52
349,2025-05-09,7,6,Turno A,681.6,741.0,21.3,2.7,702.7,9.4,19.19
350,2025-05-09,8,7,Turno B,474.1,494.0,23.3,0.7,436.4,6.8,14.02
351,2025-05-09,9,5,Turno C,571.9,608.0,20.8,3.2,522.1,8.0,16.28
352,2025-05-10,1,1,Turno B,3533.0,3990.0,21.1,2.9,2022.7,7.0,58.2
353,2025-05-10,2,2,Turno C,1139.8,1425.0,18.1,5.9,807.2,8.2,27.28
354,2025-05-10,3,3,Turno A,750.5,855.0,19.6,4.4,536.9,8.0,5.38
355,2025-05-10,4,4,Turno B,956.3,1168.5,19.6,4.4,810.1,7.2,11.02
356,2025-05-10,5,6,Turno C,1053.9,1197.0,19.6,4.4,885.9,8.7,5.57
357,2025-05-10,6,4,Turno A,910.5,1045.0,21.0,3.0,715.2,7.4,13.78
358,2025-05-10,7,6,Turno B,684.7,741.0,21.0,3.0,577.4,6.9,19.11
359,2025-05-10,8,7,Turno C,403.8,494.0,19.4,4.6,319.0,7.0,9.57
360,2025-05-10,9,5,Turno A,528.4,608.0,20.0,4.0,470.9,8.1,11.41
361,2025-05-11,1,1,Turno C,3200.9,3990.0,18.1,5.9,2319.5,6.7,51.75
362,2025-05-11,2,2,Turno A,1201.2,1425.0,19.4,4.6,675.5,8.1,21.19
363,2025-05-11,3,3,Turno B,696.0,855.0,19.1,4.9,455.2,6.8,7.05
364,2025-05-11,4,4,Turno C,960.6,1168.5,19.0,5.0,953.5,7.9,17.13
365,2025-05-11,5,6,Turno A,952.0,1197.0,18.5,5.5,944.5,8.7,14.18
366,2025-05-11,6,4,Turno B,990.8,1045.0,21.8,2.2,756.6,7.5,6.53
367,2025-05-11,7,6,Turno C,709.1,741.0,23.1,0.9,730.5,6.6,10.79
368,2025-05-11,8,7,Turno A,482.6,494.0,21.7,2.3,455.5,7.8,14.39
369,2025-05-11,9,5,Turno B,557.3,608.0,20.5,3.5,480.8,8.5,12.01
370,2025-05-12,1,1,Turno A,3824.5,3990.0,21.9,2.1,2369.5,7.0,70.49
371,2025-05-12,2,2,Turno B,1372.4,1425.0,21.8,2.2,815.9,6.5,7.64
372,2025-05-12,3,3,Turno C,784.1,855.0,20.9,3.1,516.6,8.1,20.06
373,2025-05-12,4,4,Turno A,1029.8,1168.5,20.7,3.3,857.5,9.3,23.81
374,2025-05-12,5,6,Turno B,1071.0,1197.0,20.1,3.9,938.0,8.8,29.02
375,2025-05-12,6,4,Turno C,867.4,1045.0,19.7,4.3,676.8,6.6,17.3
376,2025-05-12,7,6,Turno A,692.1,741.0,22.5,1.5,672.8,7.7,7.52
377,2025-05-12,8,7,Turno B,453.5,494.0,20.6,3.4,347.8,8.0,5.55
378,2025-05-12,9,5,Turno C,617.1,608.0,23.0,1.0,521.9,8.3,13.46
379,2025-05-13,1,1,Turno B,3552.3,3990.0,21.0,3.0,2055.5,8.5,37.39
380,2025-05-13,2,2,Turno C,1235.4,1425.0,20.9,3.1,913.8,9.1,34.33
381,2025-05-13,3,3,Turno A,815.8,855.0,22.2,1.8,529.6,9.4,23.28
382,2025-05-13,4,4,Turno B,1161.3,1168.5,22.4,1.6,982.0,7.7,10.14
383,2025-05-13,5,6,Turno C,1122.6,1197.0,21.2,2.8,1001.4,9.0,14.05
384,2025-05-13,6,4,Turno A,1047.3,1045.0,22.6,1.4,1072.9,8.2,30.58
385,2025-05-13,7,6,Turno B,679.3,741.0,22.0,2.0,559.0,7.1,14.38
386,2025-05-13,8,7,Turno C,516.2,494.0,23.4,0.6,401.5,8.7,5.04
387,2025-05-13,9,5,Turno A,554.4,608.0,20.8,3.2,516.1,9.1,5.38
388,2025-05-14,1,1,Turno C,4008.5,3990.0,22.8,1.2,2652.7,7.9,107.17
389,2025-05-14,2,2,Turno A,1349.3,1425.0,21.0,3.0,746.3,9.3,39.2
390,2025-05-14,3,3,Turno B,778.6,855.0,20.2,3.8,502.8,7.2,15.66
391,2025-05-14,4,4,Turno C,1074.9,1168.5,20.5,3.5,984.2,8.8,15.6
392,2025-05-14,5,6,Turno A,1115.8,1197.0,21.9,2.1,924.4,8.0,19.45
393,2025-05-14,6,4,Turno B,946.5,1045.0,20.1,3.9,843.2,9.0,26.37
394,2025-05-14,7,6,Turno C,673.1,741.0,21.2,2.8,618.4,7.2,5.82
395,2025-05-14,8,7,Turno A,460.3,494.0,20.7,3.3,425.2,7.8,4.06
396,2025-05-14,9,5,Turno B,546.2,608.0,21.0,3.0,546.2,8.0,11.67
397,2025-05-15,1,1,Turno A,3788.1,3990.0,22.5,1.5,2705.9,9.4,79.71
398,2025-05-15,2,2,Turno B,1294.3,1425.0,21.7,2.3,917.7,7.0,29.78
399,2025-05-15,3,3,Turno C,831.0,855.0,21.7,2.3,547.2,8.4,5.38
400,2025-05-15,4,4,Turno A,1032.1,1168.5,19.8,4.2,1066.7,8.5,24.88
401,2025-05-15,5,6,Turno B,1139.3,1197.0,21.4,2.6,933.6,8.6,5.96
402,2025-05-15,6,4,Turno C,970.3,1045.0,21.7,2.3,907.6,8.5,19.81
403,2025-05-15,7,6,Turno A,692.3,741.0,21.7,2.3,520.6,8.2,3.67
404,2025-05-15,8,7,Turno B,456.5,494.0,21.8,2.2,476.2,6.6,11.56
405,2025-05-15,9,5,Turno C,605.6,608.0,22.4,1.6,619.5,6.8,4.49
406,2025-05-16,1,1,Turno B,3398.6,3990.0,20.3,3.7,2227.1,8.9,39.71
407,2025-05-16,2,2,Turno C,1296.0,1425.0,21.3,2.7,818.0,8.2,38.56
408,2025-05-16,3,3,Turno A,773.8,855.0,20.6,3.4,556.8,8.5,20.47
409,2025-05-16,4,4,Turno B,1107.2,1168.5,22.8,1.2,956.4,8.2,7.09
410,2025-05-16,5,6,Turno C,989.1,1197.0,19.7,4.3,890.1,7.8,24.34
411,2025-05-16,6,4,Turno A,1025.2,1045.0,22.0,2.0,798.2,8.1,6.22
412,2025-05-16,7,6,Turno B,679.7,741.0,20.5,3.5,690.8,7.9,4.19
413,2025-05-16,8,7,Turno C,443.1,494.0,20.0,4.0,451.9,8.2,2.58
414,2025-05-16,9,5,Turno A,606.0,608.0,23.5,0.5,629.3,8.3,14.43
415,2025-05-17,1,1,Turno C,3375.4,3990.0,20.4,3.6,1966.1,7.2,87.31
416,2025-05-17,2,2,Turno A,1246.0,1425.0,20.6,3.4,873.6,6.9,37.02
417,2025-05-17,3,3,Turno B,798.2,855.0,20.7,3.3,447.6,7.8,20.73
418,2025-05-17,4,4,Turno C,1052.4,1168.5,20.0,4.0,914.5,8.8,6.04
419,2025-05-17,5,6,Turno A,1051.9,1197.0,20.4,3.6,901.2,9.3,16.62
420,2025-05-17,6,4,Turno B,912.8,1045.0,21.0,3.0,854.0,8.9,20.84
421,2025-05-17,7,6,Turno C,568.2,741.0,17.4,6.6,534.2,8.7,7.34
422,2025-05-17,8,7,Turno A,358.8,494.0,17.1,6.9,307.8,7.3,2.98
423,2025-05-17,9,5,Turno B,490.2,608.0,18.6,5.4,427.7,6.6,6.79
424,2025-05-18,1,1,Turno A,3156.5,3990.0,18.6,5.4,1979.3,7.4,46.38
425,2025-05-18,2,2,Turno B,1236.5,1425.0,19.4,4.6,922.0,8.2,11.42
426,2025-05-18,3,3,Turno C,668.4,855.0,18.4,5.6,433.5,6.7,10.61
427,2025-05-18,4,4,Turno A,948.0,1168.5,19.5,4.5,782.6,7.2,19.55
428,2025-05-18,5,6,Turno B,964.7,1197.0,19.3,4.7,811.7,9.3,12.84
429,2025-05-18,6,4,Turno C,942.2,1045.0,21.2,2.8,801.3,8.9,24.96
430,2025-05-18,7,6,Turno A,646.3,741.0,20.5,3.5,668.4,7.1,8.31
431,2025-05-18,8,7,Turno B,482.5,494.0,23.0,1.0,462.5,8.0,9.36
432,2025-05-18,9,5,Turno C,502.1,608.0,18.6,5.4,435.8,6.8,9.59
433,2025-05-19,1,1,Turno B,3824.7,3990.0,22.1,1.9,2625.1,8.2,110.25
434,2025-05-19,2,2,Turno C,1352.8,1425.0,21.6,2.4,862.7,7.4,30.2
435,2025-05-19,3,3,Turno A,873.3,855.0,23.0,1.0,551.8,8.0,18.19
436,2025-05-19,4,4,Turno B,1058.4,1168.5,20.7,3.3,1020.9,8.9,7.25
437,2025-05-19,5,6,Turno C,1224.4,1197.0,23.7,0.3,1065.5,8.0,34.3
438,2025-05-19,6,4,Turno A,1019.9,1045.0,22.5,1.5,1006.9,7.6,27.93
439,2025-05-19,7,6,Turno B,709.0,741.0,21.9,2.1,549.8,8.8,15.2
440,2025-05-19,8,7,Turno C,457.0,494.0,21.1,2.9,348.8,9.5,10.03
441,2025-05-19,9,5,Turno A,572.7,608.0,21.3,2.7,595.4,7.8,3.01
442,2025-05-20,1,1,Turno C,3577.8,3990.0,20.7,3.3,2339.0,8.2,69.34
443,2025-05-20,2,2,Turno A,1310.4,1425.0,21.5,2.5,923.1,8.3,22.95
444,2025-05-20,3,3,Turno B,745.1,855.0,21.1,2.9,425.4,7.7,21.64
445,2025-05-20,4,4,Turno C,1058.3,1168.5,20.2,3.8,838.7,7.4,17.34
446,2025-05-20,5,6,Turno A,1059.7,1197.0,20.5,3.5,946.2,7.8,23.76
447,2025-05-20,6,4,Turno B,929.9,1045.0,21.0,3.0,923.4,6.8,24.39
448,2025-05-20,7,6,Turno C,726.2,741.0,22.3,1.7,580.5,9.5,8.06
449,2025-05-20,8,7,Turno A,421.7,494.0,20.4,3.6,387.1,9.4,4.55
450,2025-05-20,9,5,Turno B,544.2,608.0,21.3,2.7,512.7,7.8,3.12
451,2025-05-21,1,1,Turno A,3718.5,3990.0,22.2,1.8,2485.6,7.7,84.11
452,2025-05-21,2,2,Turno B,1292.4,1425.0,20.5,3.5,919.9,6.7,9.75
453,2025-05-21,3,3,Turno C,833.8,855.0,23.2,0.8,513.0,7.9,9.64
454,2025-05-21,4,4,Turno A,1174.1,1168.5,23.2,0.8,1105.7,8.3,23.81
455,2025-05-21,5,6,Turno B,1125.7,1197.0,22.1,1.9,1129.8,8.4,28.53
456,2025-05-21,6,4,Turno C,999.7,1045.0,22.6,1.4,934.1,6.8,8.35
457,2025-05-21,7,6,Turno A,633.9,741.0,20.2,3.8,510.2,8.6,11.26
458,2025-05-21,8,7,Turno B,441.3,494.0,21.4,2.6,381.8,7.1,9.22
459,2025-05-21,9,5,Turno C,599.1,608.0,22.5,1.5,629.0,8.2,10.33
460,2025-05-22,1,1,Turno B,3431.9,3990.0,20.3,3.7,2197.1,6.7,47.96
461,2025-05-22,2,2,Turno C,1173.6,1425.0,19.7,4.3,836.8,9.4,20.7
462,2025-05-22,3,3,Turno A,815.1,855.0,21.7,2.3,516.1,9.0,14.03
463,2025-05-22,4,4,Turno B,967.2,1168.5,20.0,4.0,946.2,7.4,11.48
464,2025-05-22,5,6,Turno C,1096.8,1197.0,21.9,2.1,973.1,8.7,26.49
465,2025-05-22,6,4,Turno A,954.7,1045.0,21.9,2.1,748.7,8.8,24.42
466,2025-05-22,7,6,Turno B,697.9,741.0,21.2,2.8,532.1,8.7,13.02
467,2025-05-22,8,7,Turno C,487.8,494.0,23.7,0.3,487.3,8.8,6.07
468,2025-05-22,9,5,Turno A,621.2,608.0,23.8,0.2,530.9,9.0,9.92
469,2025-05-23,1,1,Turno C,4194.4,3990.0,23.7,0.3,2505.7,8.9,82.62
470,2025-05-23,2,2,Turno A,1324.6,1425.0,21.1,2.9,896.2,7.0,11.23
471,2025-05-23,3,3,Turno B,737.8,855.0,20.5,3.5,414.5,7.6,8.87
472,2025-05-23,4,4,Turno C,1086.6,1168.5,21.9,2.1,1044.5,7.4,12.7
473,2025-05-23,5,6,Turno A,1251.9,1197.0,23.2,0.8,1194.0,6.8,36.39
474,2025-05-23,6,4,Turno B,1072.7,1045.0,22.9,1.1,1123.9,9.1,8.77
475,2025-05-23,7,6,Turno C,726.1,741.0,23.2,0.8,699.5,9.0,17.45
476,2025-05-23,8,7,Turno A,478.4,494.0,22.4,1.6,441.7,7.3,7.35
477,2025-05-23,9,5,Turno B,572.3,608.0,21.5,2.5,580.3,6.8,10.24
478,2025-05-24,1,1,Turno A,3444.8,3990.0,20.2,3.8,2549.3,7.5,17.44
479,2025-05-24,2,2,Turno B,1357.1,1425.0,21.6,2.4,870.8,8.5,18.94
480,2025-05-24,3,3,Turno C,659.7,855.0,18.3,5.7,419.5,7.1,7.73
481,2025-05-24,4,4,Turno A,1048.0,1168.5,20.6,3.4,964.0,8.0,14.25
482,2025-05-24,5,6,Turno B,958.4,1197.0,19.2,4.8,944.2,7.9,7.77
483,2025-05-24,6,4,Turno C,906.2,1045.0,21.0,3.0,940.1,7.1,20.13
484,2025-05-24,7,6,Turno A,586.0,741.0,18.9,5.1,603.5,7.3,12.52
485,2025-05-24,8,7,Turno B,411.5,494.0,18.6,5.4,329.1,7.7,5.2
486,2025-05-24,9,5,Turno C,528.5,608.0,19.8,4.2,507.9,6.5,8.94
487,2025-05-25,1,1,Turno B,3115.7,3990.0,17.8,6.2,1719.4,8.6,79.23
488,2025-05-25,2,2,Turno C,1276.5,1425.0,21.5,2.5,720.2,7.6,29.7
489,2025-05-25,3,3,Turno A,684.3,855.0,17.9,6.1,395.1,8.8,16.31
490,2025-05-25,4,4,Turno B,966.9,1168.5,19.8,4.2,879.1,6.5,20.55
491,2025-05-25,5,6,Turno C,1060.5,1197.0,20.3,3.7,843.5,7.7,23.51
492,2025-05-25,6,4,Turno A,868.7,1045.0,20.0,4.0,847.6,8.3,12.68
493,2025-05-25,7,6,Turno B,651.2,741.0,21.0,3.0,542.5,6.8,12.27
494,2025-05-25,8,7,Turno C,449.9,494.0,20.6,3.4,430.6,9.0,9.65
495,2025-05-25,9,5,Turno A,504.3,608.0,19.2,4.8,491.4,7.4,3.21
496,2025-05-26,1,1,Turno C,4191.0,3990.0,23.3,0.7,2719.9,6.8,73.3
497,2025-05-26,2,2,Turno A,1364.2,1425.0,22.1,1.9,1017.1,9.5,38.67
498,2025-05-26,3,3,Turno B,771.4,855.0,20.2,3.8,512.0,7.6,17.03
499,2025-05-26,4,4,Turno C,1198.3,1168.5,22.8,1.2,1175.7,6.6,8.01
500,2025-05-26,5,6,Turno A,1027.9,1197.0,20.7,3.3,789.6,8.9,18.16
501,2025-05-26,6,4,Turno B,1004.3,1045.0,22.2,1.8,878.4,8.6,7.09
502,2025-05-26,7,6,Turno C,707.5,741.0,21.9,2.1,589.5,7.4,12.58
503,2025-05-26,8,7,Turno A,450.0,494.0,20.5,3.5,409.9,7.7,9.39
504,2025-05-26,9,5,Turno B,616.4,608.0,23.1,0.9,474.5,8.6,14.33
505,2025-05-27,1,1,Turno A,3826.6,3990.0,23.1,0.9,2170.6,7.8,62.5
506,2025-05-27,2,2,Turno B,1340.7,1425.0,22.2,1.8,936.3,8.7,10.71
507,2025-05-27,3,3,Turno C,849.0,855.0,22.6,1.4,494.8,9.4,15.35
508,2025-05-27,4,4,Turno A,1178.0,1168.5,22.9,1.1,942.5,6.9,28.89
509,2025-05-27,5,6,Turno B,1112.3,1197.0,20.8,3.2,1091.6,6.6,28.01
510,2025-05-27,6,4,Turno C,901.2,1045.0,20.8,3.2,868.5,8.2,6.24
511,2025-05-27,7,6,Turno A,680.6,741.0,21.5,2.5,612.5,8.2,9.66
512,2025-05-27,8,7,Turno B,426.2,494.0,20.7,3.3,393.0,8.7,4.56
513,2025-05-27,9,5,Turno C,547.6,608.0,21.8,2.2,552.5,7.2,9.2
514,2025-05-28,1,1,Turno B,3544.6,3990.0,21.2,2.8,2609.6,9.1,66.72
515,2025-05-28,2,2,Turno C,1472.8,1425.0,23.4,0.6,933.6,7.5,22.69
516,2025-05-28,3,3,Turno A,818.0,855.0,22.6,1.4,462.6,7.6,14.36
517,2025-05-28,4,4,Turno B,1144.7,1168.5,23.4,0.6,1134.7,9.4,33.03
518,2025-05-28,5,6,Turno C,1029.0,1197.0,20.0,4.0,858.9,9.0,13.56
519,2025-05-28,6,4,Turno A,945.8,1045.0,21.9,2.1,766.3,8.2,11.91
520,2025-05-28,7,6,Turno B,709.0,741.0,22.2,1.8,657.6,8.0,17.24
521,2025-05-28,8,7,Turno C,453.0,494.0,20.5,3.5,443.1,7.2,2.34
522,2025-05-28,9,5,Turno A,547.2,608.0,21.4,2.6,467.3,9.0,14.74
523,2025-05-29,1,1,Turno C,3876.2,3990.0,23.6,0.4,2641.5,9.0,89.85
524,2025-05-29,2,2,Turno A,1241.0,1425.0,20.1,3.9,741.7,8.0,8.06
525,2025-05-29,3,3,Turno B,894.1,855.0,23.7,0.3,508.4,9.3,24.53
526,2025-05-29,4,4,Turno C,1120.7,1168.5,21.8,2.2,965.8,9.4,7.98
527,2025-05-29,5,6,Turno A,1003.1,1197.0,20.1,3.9,999.1,6.7,19.26
528,2025-05-29,6,4,Turno B,1009.7,1045.0,21.5,2.5,829.0,7.3,13.0
529,2025-05-29,7,6,Turno C,748.1,741.0,22.9,1.1,726.1,7.5,8.83
530,2025-05-29,8,7,Turno A,414.9,494.0,20.0,4.0,408.3,8.3,3.69
531,2025-05-29,9,5,Turno B,532.9,608.0,20.4,3.6,464.7,8.1,15.52
532,2025-05-30,1,1,Turno A,3476.4,3990.0,20.5,3.5,2096.3,6.9,31.08
533,2025-05-30,2,2,Turno B,1425.1,1425.0,22.5,1.5,982.4,6.6,36.91
534,2025-05-30,3,3,Turno C,747.3,855.0,21.0,3.0,448.1,7.6,13.33
535,2025-05-30,4,4,Turno A,1108.1,1168.5,22.4,1.6,1160.4,6.6,16.74
536,2025-05-30,5,6,Turno B,1138.3,1197.0,21.5,2.5,939.0,7.9,28.57
537,2025-05-30,6,4,Turno C,873.5,1045.0,20.3,3.7,872.7,9.4,7.22
538,2025-05-30,7,6,Turno A,729.0,741.0,23.0,1.0,684.6,8.4,14.26
539,2025-05-30,8,7,Turno B,455.2,494.0,20.7,3.3,344.4,6.7,12.55
540,2025-05-30,9,5,Turno C,545.3,608.0,21.5,2.5,557.0,9.0,7.25
541,2025-05-31,1,1,Turno B,3019.6,3990.0,18.1,5.9,2007.4,9.0,44.92
542,2025-05-31,2,2,Turno C,1110.2,1425.0,18.6,5.4,658.3,7.1,13.32
543,2025-05-31,3,3,Turno A,742.9,855.0,19.9,4.1,445.1,7.4,11.37
544,2025-05-31,4,4,Turno B,930.5,1168.5,18.8,5.2,736.2,7.1,25.23
545,2025-05-31,5,6,Turno C,1080.9,1197.0,20.3,3.7,1068.4,9.5,26.53
546,2025-05-31,6,4,Turno A,877.8,1045.0,19.5,4.5,898.7,8.0,12.91
547,2025-05-31,7,6,Turno B,567.6,741.0,18.2,5.8,578.2,8.8,3.67
548,2025-05-31,8,7,Turno C,476.6,494.0,21.8,2.2,500.4,9.4,3.58
549,2025-05-31,9,5,Turno A,534.6,608.0,19.8,4.2,548.1,6.7,15.99
550,2025-06-01,1,1,Turno C,3497.5,3990.0,19.8,4.2,2171.8,9.0,91.39
551,2025-06-01,2,2,Turno A,1196.7,1425.0,18.9,5.1,825.2,9.2,6.83
552,2025-06-01,3,3,Turno B,814.9,855.0,21.9,2.1,540.0,7.1,24.2
553,2025-06-01,4,4,Turno C,1055.2,1168.5,21.3,2.7,946.7,6.8,11.41
554,2025-06-01,5,6,Turno A,932.5,1197.0,18.9,5.1,956.2,7.1,7.7
555,2025-06-01,6,4,Turno B,1020.5,1045.0,21.9,2.1,864.4,6.6,20.07
556,2025-06-01,7,6,Turno C,735.4,741.0,22.3,1.7,741.4,9.4,10.55
557,2025-06-01,8,7,Turno A,436.0,494.0,21.2,2.8,366.5,6.9,3.9
558,2025-06-01,9,5,Turno B,614.3,608.0,22.4,1.6,580.4,7.0,17.95
559,2025-06-02,1,1,Turno A,4032.2,3990.0,22.5,1.5,2852.4,7.2,79.53
560,2025-06-02,2,2,Turno B,1233.4,1425.0,20.4,3.6,848.2,6.9,28.64
561,2025-06-02,3,3,Turno C,905.6,855.0,23.6,0.4,569.0,9.5,26.38
562,2025-06-02,4,4,Turno A,1009.5,1168.5,19.8,4.2,1036.1,9.4,10.62
563,2025-06-02,5,6,Turno B,1182.4,1197.0,22.0,2.0,936.7,8.7,12.95
564,2025-06-02,6,4,Turno C,1037.0,1045.0,23.7,0.3,1053.2,6.8,23.56
565,2025-06-02,7,6,Turno A,738.7,741.0,22.3,1.7,653.0,7.3,8.3
566,2025-06-02,8,7,Turno B,416.4,494.0,20.0,4.0,325.8,6.5,6.1
567,2025-06-02,9,5,Turno C,621.0,608.0,22.7,1.3,630.5,8.0,8.98
568,2025-06-03,1,1,Turno B,3638.8,3990.0,21.9,2.1,2350.3,9.1,77.41
569,2025-06-03,2,2,Turno C,1341.5,1425.0,22.5,1.5,757.6,9.0,16.6
570,2025-06-03,3,3,Turno A,806.9,855.0,21.0,3.0,455.8,7.0,11.61
571,2025-06-03,4,4,Turno B,1149.2,1168.5,22.7,1.3,1171.5,6.8,22.81
572,2025-06-03,5,6,Turno C,1145.4,1197.0,22.2,1.8,869.7,9.3,10.45
573,2025-06-03,6,4,Turno A,1019.4,1045.0,23.3,0.7,795.5,7.1,9.94
574,2025-06-03,7,6,Turno B,735.7,741.0,22.5,1.5,712.9,7.3,8.86
575,2025-06-03,8,7,Turno C,422.6,494.0,20.6,3.4,389.4,9.0,3.74
576,2025-06-03,9,5,Turno A,551.9,608.0,21.2,2.8,462.7,8.5,11.04
577,2025-06-04,1,1,Turno C,3379.7,3990.0,20.5,3.5,1974.3,7.4,23.82
578,2025-06-04,2,2,Turno A,1398.6,1425.0,23.1,0.9,880.4,8.0,30.11
579,2025-06-04,3,3,Turno B,743.7,855.0,20.1,3.9,436.5,9.2,10.59
580,2025-06-04,4,4,Turno C,1061.8,1168.5,21.5,2.5,944.5,7.2,12.44
581,2025-06-04,5,6,Turno A,1054.5,1197.0,19.9,4.1,1002.0,6.8,14.34
582,2025-06-04,6,4,Turno B,1030.7,1045.0,21.9,2.1,955.4,8.2,26.82
583,2025-06-04,7,6,Turno C,731.4,741.0,23.0,1.0,666.1,9.1,12.34
584,2025-06-04,8,7,Turno A,495.7,494.0,23.3,0.7,383.5,9.2,11.33
585,2025-06-04,9,5,Turno B,591.6,608.0,21.7,2.3,585.8,8.5,12.13
586,2025-06-05,1,1,Turno A,3558.6,3990.0,20.2,3.8,2080.3,9.5,104.28
587,2025-06-05,2,2,Turno B,1366.3,1425.0,23.0,1.0,867.2,9.5,21.7
588,2025-06-05,3,3,Turno C,887.4,855.0,23.7,0.3,636.1,7.3,24.64
589,2025-06-05,4,4,Turno A,1135.0,1168.5,23.4,0.6,983.4,7.7,14.93
590,2025-06-05,5,6,Turno B,1071.9,1197.0,20.8,3.2,1084.8,8.9,22.06
591,2025-06-05,6,4,Turno C,977.5,1045.0,21.8,2.2,854.7,6.9,19.26
592,2025-06-05,7,6,Turno A,758.3,741.0,22.8,1.2,779.1,8.2,5.71
593,2025-06-05,8,7,Turno B,446.4,494.0,20.8,3.2,380.9,7.7,6.51
594,2025-06-05,9,5,Turno C,574.6,608.0,21.7,2.3,437.4,7.3,4.94
595,2025-06-06,1,1,Turno B,3888.0,3990.0,22.2,1.8,2168.6,9.2,51.66
596,2025-06-06,2,2,Turno C,1299.8,1425.0,20.6,3.4,954.3,9.2,7.16
597,2025-06-06,3,3,Turno A,834.8,855.0,23.0,1.0,505.9,8.0,18.7
598,2025-06-06,4,4,Turno B,1047.9,1168.5,20.1,3.9,828.2,9.4,16.85
599,2025-06-06,5,6,Turno C,1166.8,1197.0,23.0,1.0,1021.0,8.4,11.32
600,2025-06-06,6,4,Turno A,954.9,1045.0,20.5,3.5,928.4,8.8,25.48
601,2025-06-06,7,6,Turno B,738.3,741.0,23.0,1.0,588.9,7.4,13.05
602,2025-06-06,8,7,Turno C,445.7,494.0,20.2,3.8,451.9,6.6,4.38
603,2025-06-06,9,5,Turno A,624.9,608.0,23.1,0.9,515.4,7.9,17.47
604,2025-06-07,1,1,Turno C,3545.0,3990.0,20.0,4.0,2307.9,8.4,28.7
605,2025-06-07,2,2,Turno A,1104.8,1425.0,17.8,6.2,646.9,9.1,21.73
606,2025-06-07,3,3,Turno B,703.8,855.0,18.4,5.6,492.5,8.6,8.53
607,2025-06-07,4,4,Turno C,941.0,1168.5,18.5,5.5,978.1,9.1,19.93
608,2025-06-07,5,6,Turno A,1018.7,1197.0,19.9,4.1,770.2,8.8,24.64
609,2025-06-07,6,4,Turno B,873.7,1045.0,19.1,4.9,812.8,6.5,9.88
610,2025-06-07,7,6,Turno C,682.0,741.0,20.4,3.6,643.0,7.8,9.83
611,2025-06-07,8,7,Turno A,396.4,494.0,18.6,5.4,377.8,9.0,5.92
612,2025-06-07,9,5,Turno B,491.0,608.0,18.4,5.6,492.5,7.6,10.4
613,2025-06-08,1,1,Turno A,3274.2,3990.0,19.7,4.3,1842.6,9.5,68.81
614,2025-06-08,2,2,Turno B,1286.6,1425.0,20.5,3.5,937.3,7.4,11.26
615,2025-06-08,3,3,Turno C,837.2,855.0,22.0,2.0,594.8,8.3,18.01
616,2025-06-08,4,4,Turno A,1085.1,1168.5,21.2,2.8,1138.5,7.3,16.78
617,2025-06-08,5,6,Turno B,957.6,1197.0,18.2,5.8,882.5,7.1,22.18
618,2025-06-08,6,4,Turno C,876.9,1045.0,18.9,5.1,896.2,8.5,15.51
619,2025-06-08,7,6,Turno A,734.7,741.0,22.2,1.8,590.9,6.8,6.02
620,2025-06-08,8,7,Turno B,432.8,494.0,19.8,4.2,348.4,8.5,5.8
621,2025-06-08,9,5,Turno C,482.4,608.0,18.0,6.0,406.2,8.9,6.41
622,2025-06-09,1,1,Turno B,3508.3,3990.0,20.7,3.3,2526.8,7.9,93.53
623,2025-06-09,2,2,Turno C,1413.3,1425.0,22.1,1.9,797.4,9.2,24.75
624,2025-06-09,3,3,Turno A,848.4,855.0,23.2,0.8,517.2,6.7,22.36
625,2025-06-09,4,4,Turno B,993.8,1168.5,20.2,3.8,867.3,8.2,27.49
626,2025-06-09,5,6,Turno C,1095.5,1197.0,21.5,2.5,1056.8,8.8,18.83
627,2025-06-09,6,4,Turno A,975.0,1045.0,22.3,1.7,916.8,6.5,11.54
628,2025-06-09,7,6,Turno B,707.3,741.0,22.8,1.2,692.7,8.0,17.04
629,2025-06-09,8,7,Turno C,432.1,494.0,20.0,4.0,406.2,7.7,12.59
630,2025-06-09,9,5,Turno A,534.4,608.0,21.2,2.8,432.8,7.6,2.86
631,2025-06-10,1,1,Turno C,3729.1,3990.0,21.0,3.0,2193.1,8.5,77.07
632,2025-06-10,2,2,Turno A,1296.6,1425.0,20.7,3.3,802.4,6.9,18.92
633,2025-06-10,3,3,Turno B,790.8,855.0,22.1,1.9,565.2,7.4,9.7
634,2025-06-10,4,4,Turno C,1153.4,1168.5,22.6,1.4,981.9,9.2,34.47
635,2025-06-10,5,6,Turno A,1130.0,1197.0,21.1,2.9,969.3,7.1,32.43
636,2025-06-10,6,4,Turno B,1048.3,1045.0,23.4,0.6,858.1,8.7,8.68
637,2025-06-10,7,6,Turno C,731.8,741.0,22.7,1.3,585.9,7.6,15.56
638,2025-06-10,8,7,Turno A,437.8,494.0,19.8,4.2,361.9,8.1,2.72
639,2025-06-10,9,5,Turno B,632.8,608.0,23.7,0.3,598.7,6.6,14.08
640,2025-06-11,1,1,Turno A,3645.1,3990.0,21.4,2.6,2403.8,7.9,32.18
641,2025-06-11,2,2,Turno B,1402.7,1425.0,22.5,1.5,856.0,8.5,30.25
642,2025-06-11,3,3,Turno C,775.0,855.0,20.8,3.2,447.5,9.0,5.91
643,2025-06-11,4,4,Turno A,1101.6,1168.5,22.6,1.4,863.9,6.8,10.98
644,2025-06-11,5,6,Turno B,1036.9,1197.0,20.5,3.5,940.4,7.1,23.42
645,2025-06-11,6,4,Turno C,903.2,1045.0,20.9,3.1,811.9,7.1,25.59
646,2025-06-11,7,6,Turno A,642.6,741.0,21.0,3.0,611.4,9.2,16.63
647,2025-06-11,8,7,Turno B,462.9,494.0,22.4,1.6,359.7,8.0,10.69
648,2025-06-11,9,5,Turno C,516.0,608.0,20.1,3.9,422.8,9.5,6.4
649,2025-06-12,1,1,Turno B,3582.9,3990.0,21.6,2.4,2095.8,6.6,43.94
650,2025-06-12,2,2,Turno C,1388.7,1425.0,23.0,1.0,968.9,6.8,33.27
651,2025-06-12,3,3,Turno A,757.4,855.0,19.9,4.1,517.1,7.0,10.56
652,2025-06-12,4,4,Turno B,1095.7,1168.5,21.5,2.5,1110.5,6.8,27.8
653,2025-06-12,5,6,Turno C,1046.7,1197.0,20.4,3.6,1087.2,7.3,15.33
654,2025-06-12,6,4,Turno A,1073.8,1045.0,23.2,0.8,1014.4,8.9,8.4
655,2025-06-12,7,6,Turno B,691.9,741.0,22.5,1.5,714.6,7.0,10.66
656,2025-06-12,8,7,Turno C,484.5,494.0,22.1,1.9,462.0,7.0,7.02
657,2025-06-12,9,5,Turno A,531.4,608.0,21.1,2.9,507.7,9.0,15.59
658,2025-06-13,1,1,Turno C,3618.1,3990.0,20.2,3.8,2071.7,7.7,22.25
659,2025-06-13,2,2,Turno A,1255.6,1425.0,20.7,3.3,867.5,8.5,30.37
660,2025-06-13,3,3,Turno B,818.7,855.0,22.0,2.0,610.4,8.5,11.02
661,2025-06-13,4,4,Turno C,1121.4,1168.5,21.8,2.2,873.1,8.5,12.58
662,2025-06-13,5,6,Turno A,1108.2,1197.0,21.1,2.9,959.1,9.0,21.01
663,2025-06-13,6,4,Turno B,1026.9,1045.0,23.7,0.3,968.4,7.0,26.93
664,2025-06-13,7,6,Turno C,766.3,741.0,23.2,0.8,591.9,8.0,8.45
665,2025-06-13,8,7,Turno A,483.8,494.0,23.6,0.4,395.2,8.4,7.3
666,2025-06-13,9,5,Turno B,540.1,608.0,20.6,3.4,534.9,7.8,14.27
667,2025-06-14,1,1,Turno A,3207.2,3990.0,18.6,5.4,2183.1,6.8,49.1
668,2025-06-14,2,2,Turno B,1105.9,1425.0,18.7,5.3,741.9,8.4,13.95
669,2025-06-14,3,3,Turno C,715.7,855.0,19.1,4.9,529.7,7.6,4.55
670,2025-06-14,4,4,Turno A,950.1,1168.5,18.7,5.3,889.2,7.9,20.36
671,2025-06-14,5,6,Turno B,1034.7,1197.0,19.5,4.5,844.9,7.5,26.64
672,2025-06-14,6,4,Turno C,948.6,1045.0,21.0,3.0,911.3,6.6,8.64
673,2025-06-14,7,6,Turno A,623.9,741.0,19.1,4.9,487.9,8.3,6.04
674,2025-06-14,8,7,Turno B,449.7,494.0,21.2,2.8,442.7,8.7,3.46
675,2025-06-14,9,5,Turno C,561.6,608.0,20.7,3.3,520.4,8.8,9.13
676,2025-06-15,1,1,Turno B,3631.0,3990.0,21.8,2.2,2359.3,8.1,22.56
677,2025-06-15,2,2,Turno C,1385.1,1425.0,22.5,1.5,902.6,9.3,13.06
678,2025-06-15,3,3,Turno A,743.2,855.0,20.8,3.2,466.3,8.3,20.12
679,2025-06-15,4,4,Turno B,1030.8,1168.5,19.6,4.4,1056.3,8.8,12.2
680,2025-06-15,5,6,Turno C,1186.8,1197.0,23.0,1.0,937.6,7.7,26.7
681,2025-06-15,6,4,Turno A,929.1,1045.0,20.2,3.8,936.7,8.6,26.38
682,2025-06-15,7,6,Turno B,631.4,741.0,19.5,4.5,528.6,7.5,13.77
683,2025-06-15,8,7,Turno C,492.1,494.0,22.1,1.9,443.5,8.6,6.43
684,2025-06-15,9,5,Turno A,473.3,608.0,18.1,5.9,436.0,8.5,7.31
685,2025-06-16,1,1,Turno C,4040.5,3990.0,22.7,1.3,2453.3,9.0,101.85
686,2025-06-16,2,2,Turno A,1284.6,1425.0,21.8,2.2,743.9,8.5,12.84
687,2025-06-16,3,3,Turno B,814.0,855.0,22.7,1.3,494.4,7.3,21.15
688,2025-06-16,4,4,Turno C,1114.5,1168.5,22.5,1.5,1087.8,6.6,28.25
689,2025-06-16,5,6,Turno A,1074.3,1197.0,20.1,3.9,1044.1,9.1,25.31
690,2025-06-16,6,4,Turno B,968.1,1045.0,22.0,2.0,953.9,8.9,11.8
691,2025-06-16,7,6,Turno C,744.7,741.0,22.4,1.6,645.1,9.4,21.89
692,2025-06-16,8,7,Turno A,449.4,494.0,21.0,3.0,338.8,7.3,9.22
693,2025-06-16,9,5,Turno B,620.9,608.0,22.9,1.1,620.3,9.2,14.04
694,2025-06-17,1,1,Turno A,3937.5,3990.0,22.3,1.7,2596.1,8.3,96.09
695,2025-06-17,2,2,Turno B,1426.4,1425.0,23.6,0.4,835.1,8.5,13.8
696,2025-06-17,3,3,Turno C,754.1,855.0,20.4,3.6,471.6,7.8,14.26
697,2025-06-17,4,4,Turno A,1028.1,1168.5,20.2,3.8,849.7,7.5,23.38
698,2025-06-17,5,6,Turno B,1017.1,1197.0,20.3,3.7,861.3,6.7,28.79
699,2025-06-17,6,4,Turno C,1016.7,1045.0,22.2,1.8,912.1,8.2,14.19
700,2025-06-17,7,6,Turno A,720.2,741.0,22.9,1.1,587.7,7.1,4.83
701,2025-06-17,8,7,Turno B,460.4,494.0,21.7,2.3,419.5,6.8,4.85
702,2025-06-17,9,5,Turno C,531.5,608.0,20.6,3.4,456.2,7.2,12.66
703,2025-06-18,1,1,Turno B,3936.3,3990.0,21.8,2.2,2813.4,9.4,20.55
704,2025-06-18,2,2,Turno C,1372.7,1425.0,22.4,1.6,1003.3,8.3,28.18
705,2025-06-18,3,3,Turno A,886.0,855.0,23.6,0.4,544.2,9.2,25.36
706,2025-06-18,4,4,Turno B,1076.9,1168.5,21.3,2.7,899.0,9.2,27.52
707,2025-06-18,5,6,Turno C,1127.2,1197.0,21.2,2.8,996.1,6.6,30.95
708,2025-06-18,6,4,Turno A,925.1,1045.0,20.5,3.5,957.0,7.0,26.74
709,2025-06-18,7,6,Turno B,668.7,741.0,21.9,2.1,514.7,8.5,16.28
710,2025-06-18,8,7,Turno C,491.9,494.0,23.2,0.8,384.3,8.1,11.1
711,2025-06-18,9,5,Turno A,637.2,608.0,23.7,0.3,601.5,9.3,15.08
712,2025-06-19,1,1,Turno C,3487.4,3990.0,20.3,3.7,2149.4,6.8,22.17
713,2025-06-19,2,2,Turno A,1418.5,1425.0,22.9,1.1,943.3,7.2,16.26
714,2025-06-19,3,3,Turno B,794.8,855.0,21.3,2.7,506.0,6.6,17.35
715,2025-06-19,4,4,Turno C,1117.9,1168.5,21.9,2.1,1045.8,8.8,21.96
716,2025-06-19,5,6,Turno A,1120.1,1197.0,22.5,1.5,1151.9,6.8,27.64
717,2025-06-19,6,4,Turno B,908.3,1045.0,20.9,3.1,889.8,7.8,13.51
718,2025-06-19,7,6,Turno C,714.6,741.0,22.4,1.6,650.3,6.9,10.56
719,2025-06-19,8,7,Turno A,491.5,494.0,22.9,1.1,510.2,6.9,10.78
720,2025-06-19,9,5,Turno B,631.5,608.0,23.4,0.6,611.8,7.6,18.15
721,2025-06-20,1,1,Turno A,3800.7,3990.0,21.9,2.1,2184.1,6.5,75.7
722,2025-06-20,2,2,Turno B,1401.5,1425.0,21.9,2.1,856.2,8.7,38.67
723,2025-06-20,3,3,Turno C,772.5,855.0,21.1,2.9,524.7,8.0,6.97
724,2025-06-20,4,4,Turno A,1070.7,1168.5,20.6,3.4,865.4,7.0,26.76
725,2025-06-20,5,6,Turno B,1236.0,1197.0,23.2,0.8,1272.7,9.5,20.43
726,2025-06-20,6,4,Turno C,970.8,1045.0,21.9,2.1,747.7,6.8,22.46
727,2025-06-20,7,6,Turno A,682.9,741.0,21.7,2.3,538.4,8.5,5.12
728,2025-06-20,8,7,Turno B,491.3,494.0,22.2,1.8,415.3,7.9,10.03
729,2025-06-20,9,5,Turno C,553.9,608.0,20.9,3.1,509.4,7.6,7.15
730,2025-06-21,1,1,Turno B,3069.0,3990.0,18.2,5.8,1823.9,8.7,48.81
731,2025-06-21,2,2,Turno C,1260.3,1425.0,20.0,4.0,914.4,7.9,17.6
732,2025-06-21,3,3,Turno A,691.3,855.0,19.3,4.7,464.1,9.0,18.3
733,2025-06-21,4,4,Turno B,920.2,1168.5,18.6,5.4,934.8,6.7,6.34
734,2025-06-21,5,6,Turno C,895.7,1197.0,18.1,5.9,828.1,7.7,17.69
735,2025-06-21,6,4,Turno A,976.6,1045.0,21.5,2.5,1025.1,7.9,23.81
736,2025-06-21,7,6,Turno B,610.6,741.0,18.6,5.4,592.3,7.4,10.15
737,2025-06-21,8,7,Turno C,418.8,494.0,19.6,4.4,397.4,9.0,10.54
738,2025-06-21,9,5,Turno A,508.5,608.0,19.3,4.7,449.4,7.0,14.6
739,2025-06-22,1,1,Turno C,3843.9,3990.0,21.8,2.2,2485.9,7.6,40.25
740,2025-06-22,2,2,Turno A,1131.2,1425.0,18.6,5.4,631.8,7.1,31.33
741,2025-06-22,3,3,Turno B,708.9,855.0,19.3,4.7,396.5,9.4,9.29
742,2025-06-22,4,4,Turno C,1076.3,1168.5,20.7,3.3,1076.8,7.3,20.03
743,2025-06-22,5,6,Turno A,973.7,1197.0,19.1,4.9,921.1,9.0,17.45
744,2025-06-22,6,4,Turno B,928.5,1045.0,20.5,3.5,794.7,9.1,15.94
745,2025-06-22,7,6,Turno C,643.6,741.0,20.1,3.9,509.5,7.0,4.46
746,2025-06-22,8,7,Turno A,405.8,494.0,19.6,4.4,348.4,8.7,3.23
747,2025-06-22,9,5,Turno B,527.9,608.0,19.7,4.3,472.2,7.9,5.42
748,2025-06-23,1,1,Turno A,3612.5,3990.0,20.3,3.7,2003.1,6.6,69.86
749,2025-06-23,2,2,Turno B,1266.8,1425.0,20.3,3.7,706.7,8.2,8.1
750,2025-06-23,3,3,Turno C,743.5,855.0,20.7,3.3,551.4,8.3,14.19
751,2025-06-23,4,4,Turno A,1017.3,1168.5,19.8,4.2,964.9,7.4,7.27
752,2025-06-23,5,6,Turno B,1162.6,1197.0,21.5,2.5,1174.4,7.0,29.95
753,2025-06-23,6,4,Turno C,1026.0,1045.0,22.1,1.9,1022.0,7.0,22.05
754,2025-06-23,7,6,Turno A,678.2,741.0,20.8,3.2,578.4,7.9,13.4
755,2025-06-23,8,7,Turno B,435.4,494.0,20.6,3.4,340.7,7.1,11.53
756,2025-06-23,9,5,Turno C,566.8,608.0,21.7,2.3,450.5,6.8,9.58
757,2025-06-24,1,1,Turno B,3663.6,3990.0,22.2,1.8,2589.3,8.0,29.08
758,2025-06-24,2,2,Turno C,1287.7,1425.0,21.6,2.4,863.7,9.0,35.31
759,2025-06-24,3,3,Turno A,855.2,855.0,22.8,1.2,559.7,7.6,5.2
760,2025-06-24,4,4,Turno B,1075.3,1168.5,21.8,2.2,1065.3,8.9,15.63
761,2025-06-24,5,6,Turno C,1167.2,1197.0,22.1,1.9,1142.1,8.6,8.69
762,2025-06-24,6,4,Turno A,911.2,1045.0,20.2,3.8,747.0,9.1,11.01
763,2025-06-24,7,6,Turno B,738.3,741.0,23.3,0.7,595.6,8.6,18.26
764,2025-06-24,8,7,Turno C,453.9,494.0,22.0,2.0,341.4,8.5,10.07
765,2025-06-24,9,5,Turno A,543.9,608.0,21.0,3.0,433.2,8.5,6.17
766,2025-06-25,1,1,Turno C,3965.7,3990.0,23.2,0.8,2471.1,7.3,87.31
767,2025-06-25,2,2,Turno A,1390.1,1425.0,22.8,1.2,982.5,7.9,19.82
768,2025-06-25,3,3,Turno B,792.3,855.0,21.9,2.1,484.4,7.5,17.94
769,2025-06-25,4,4,Turno C,1182.2,1168.5,22.7,1.3,1120.5,8.7,19.11
770,2025-06-25,5,6,Turno A,1129.2,1197.0,22.5,1.5,919.5,7.7,15.2
771,2025-06-25,6,4,Turno B,1007.7,1045.0,21.9,2.1,969.4,7.0,29.34
772,2025-06-25,7,6,Turno C,607.1,741.0,19.7,4.3,481.8,9.3,9.64
773,2025-06-25,8,7,Turno A,414.8,494.0,19.9,4.1,321.1,6.6,6.06
774,2025-06-25,9,5,Turno B,628.9,608.0,23.7,0.3,570.0,8.6,12.54
775,2025-06-26,1,1,Turno A,4176.2,3990.0,23.5,0.5,2831.7,7.8,41.94
776,2025-06-26,2,2,Turno B,1414.8,1425.0,22.4,1.6,859.1,6.6,28.28
777,2025-06-26,3,3,Turno C,784.9,855.0,21.8,2.2,458.3,6.6,8.62
778,2025-06-26,4,4,Turno A,962.4,1168.5,19.7,4.3,1009.6,8.8,13.31
779,2025-06-26,5,6,Turno B,1109.7,1197.0,21.3,2.7,1004.6,8.7,7.45
780,2025-06-26,6,4,Turno C,887.3,1045.0,20.0,4.0,886.4,9.2,12.16
781,2025-06-26,7,6,Turno A,740.4,741.0,23.6,0.4,690.0,7.1,20.91
782,2025-06-26,8,7,Turno B,459.8,494.0,22.0,2.0,401.0,6.8,3.13
783,2025-06-26,9,5,Turno C,570.9,608.0,20.9,3.1,565.7,9.4,15.36
784,2025-06-27,1,1,Turno B,3991.3,3990.0,23.0,1.0,2749.4,9.4,76.15
785,2025-06-27,2,2,Turno C,1438.0,1425.0,22.8,1.2,1067.4,7.9,23.75
786,2025-06-27,3,3,Turno A,780.2,855.0,22.1,1.9,447.3,6.7,16.26
787,2025-06-27,4,4,Turno B,1217.6,1168.5,23.7,0.3,997.2,7.4,35.17
788,2025-06-27,5,6,Turno C,1076.2,1197.0,21.8,2.2,1075.8,7.2,7.88
789,2025-06-27,6,4,Turno A,1042.3,1045.0,22.4,1.6,805.5,9.3,17.63
790,2025-06-27,7,6,Turno B,700.5,741.0,21.1,2.9,581.9,9.3,15.47
791,2025-06-27,8,7,Turno C,499.2,494.0,23.4,0.6,404.3,8.7,13.39
792,2025-06-27,9,5,Turno A,524.4,608.0,20.5,3.5,432.6,8.4,4.67
793,2025-06-28,1,1,Turno C,3416.1,3990.0,19.5,4.5,2332.1,8.3,82.35
794,2025-06-28,2,2,Turno A,1151.0,1425.0,18.7,5.3,775.9,8.0,34.11
795,2025-06-28,3,3,Turno B,829.5,855.0,22.5,1.5,619.5,9.2,9.96
796,2025-06-28,4,4,Turno C,922.1,1168.5,19.0,5.0,912.7,7.9,17.08
797,2025-06-28,5,6,Turno A,1029.9,1197.0,19.6,4.4,826.4,9.4,23.13
798,2025-06-28,6,4,Turno B,873.6,1045.0,20.3,3.7,710.4,8.2,11.48
799,2025-06-28,7,6,Turno C,630.3,741.0,19.6,4.4,517.6,7.9,12.81
800,2025-06-28,8,7,Turno A,402.5,494.0,19.4,4.6,386.5,7.6,10.61
801,2025-06-28,9,5,Turno B,461.6,608.0,18.2,5.8,425.9,7.2,3.46
802,2025-06-29,1,1,Turno A,3135.1,3990.0,18.3,5.7,1963.1,6.9,90.85
803,2025-06-29,2,2,Turno B,1157.3,1425.0,19.4,4.6,752.2,9.5,30.36
804,2025-06-29,3,3,Turno C,779.3,855.0,20.6,3.4,475.4,8.2,14.96
805,2025-06-29,4,4,Turno A,970.1,1168.5,20.0,4.0,964.4,7.9,20.13
806,2025-06-29,5,6,Turno B,981.5,1197.0,19.2,4.8,901.1,9.3,11.23
807,2025-06-29,6,4,Turno C,798.3,1045.0,17.1,6.9,829.4,7.1,15.48
808,2025-06-29,7,6,Turno A,639.8,741.0,19.5,4.5,548.0,8.5,11.0
809,2025-06-29,8,7,Turno B,462.4,494.0,21.9,2.1,386.5,8.4,3.99
810,2025-06-29,9,5,Turno C,503.2,608.0,19.4,4.6,472.7,8.2,13.2
